ID,Name,atkId_Bullet,sfxId_Bullet,sfxId_Hit,sfxId_Flick,life,dist,shootInterval,gravityInRange,gravityOutRange,hormingStopRange,initVellocity,accelInRange,accelOutRange,maxVellocity,minVellocity,accelTime,homingBeginDist,hitRadius,hitRadiusMax,spreadTime,expDelay,hormingOffsetRange,dmgHitRecordLifeTime,externalForce,spEffectIDForShooter,autoSearchNPCThinkID,HitBulletID,spEffectId0,spEffectId1,spEffectId2,spEffectId3,spEffectId4,numShoot,homingAngle,shootAngle,shootAngleInterval,shootAngleXInterval,damageDamp,spelDamageDamp,fireDamageDamp,thunderDamageDamp,staminaDamp,knockbackDamp,shootAngleXZ,lockShootLimitAng,pad2,prevVelocityDirRate,atkAttribute,spAttribute,Material_AttackType,Material_AttackMaterial,isPenetrateChr,isPenetrateObj,mayRemoteDetonate,pad,launchConditionType,FollowType,EmittePosType,isAttackSFX,isEndlessHit,isPenetrateMap,isHitBothTeam,isUseSharedHitList,isUseMultiDmyPolyIfPlace,isHitOtherBulletForceEraseA,isHitOtherBulletForceEraseB,isHitForceMagic,isIgnoreSfxIfHitWater,isIgnoreMoveStateIfHitWater,isHitDarkForceMagic,dmgCalcSide,isEnableAutoHoming,isSyncBulletCulcDumypolyPos,isOwnerOverrideInitAngle,isInheritSfxToChild,darkDamageDamp,bulletSfxDeleteType_byHit,bulletSfxDeleteType_byLifeDead,targetYOffsetRange,shootAngleYMaxRandom,shootAngleXMaxRandom,intervalCreateBulletId,intervalCreateTimeMin,intervalCreateTimeMax,predictionShootObserveTime,intervalCreateWaitTime,sfxPostureType,createLimitGroupId,pad5,isInheritSpeedToChild,isDisableHitSfx_byChrAndObj,isCheckWall_byCenterRay,isHitFlare,isUseBulletWallFilter,isDisableAiProjectileDodge,isNonDependenceMagicForFunnleNum,isAiInterruptShootNoDamageBullet,randomCreateRadius,followOffset_BaseHeight,assetNo_Hit,lifeRandomRange,homingAngleX,ballisticCalcType,attachEffectType,seId_Bullet1,seId_Bullet2,seId_Hit,seId_Flick,howitzerShootAngleXMin,howitzerShootAngleXMax,howitzerInitMinVelocity,howitzerInitMaxVelocity,sfxId_ForceErase,bulletSfxDeleteType_byForceErase,pad3,followDmypoly_forSfxPose,followOffset_Radius,spBulletDistUpRate,nolockTargetDist,pad4,
200002900,Firespark Perfume Bottle - Bullet,600000022,441012,-1,-1,1.5,0,0,0,0,0,2,0,0,2,0,0,0,0.3,-1,0,0,0,1,0,20000970,0,200002908,0,0,0,0,0,3,0,60,-30,0,0,0,0,0,0,0,0,0,0,0,254,254,254,254,1,1,0,0,0,0,0,0,0,0,0,1,0,0,0,0,0,1,0,0,0,0,0,1,0,0,0,0,0,0,-1,0,0,0,0,1,0,0,1,0,0,0,0,0,0,0,10,0,-1,0,-1,0,0,-1,-1,-1,-1,0,0,0,0,-1,0,0,-1,0,1,-1,[0|0|0|0|0|0|0|0]
200002901,Firespark Perfume Bottle - Bullet,600000022,441012,-1,-1,1.5,0,0,0,0,0,2,0,0,2,0,0,0,0.3,-1,0,0,0,1,0,0,0,200002908,0,0,0,0,0,3,0,-30,-30,0,0,0,0,0,0,0,0,0,0,0,254,254,254,254,1,1,0,0,0,0,0,0,0,0,0,1,0,0,0,0,0,1,0,0,0,0,0,1,0,0,0,0,0,0,-1,0,0,0,0,1,0,0,1,0,0,0,0,0,0,0,10,0,-1,0,-1,0,0,-1,-1,-1,-1,0,0,0,0,-1,0,0,-1,0,1,-1,[0|0|0|0|0|0|0|0]
200002902,Firespark Perfume Bottle - Bullet,600000022,441012,-1,-1,1.55,0,0,0,0,0,2,0,0,2,0,0,0,0.3,-1,0,0,0,1,0,0,0,200002908,0,0,0,0,0,3,0,-120,-30,0,0,0,0,0,0,0,0,0,0,0,254,254,254,254,1,1,0,0,0,0,0,0,0,0,0,1,0,0,0,0,0,1,0,0,0,0,0,1,0,0,0,0,0,0,-1,0,0,0,0,1,0,0,1,0,0,0,0,0,0,0,10,0,-1,0,-1,0,0,-1,-1,-1,-1,0,0,0,0,-1,0,0,-1,0,1,-1,[0|0|0|0|0|0|0|0]
200002903,Firespark Perfume Bottle - Bullet,600000022,441012,-1,-1,1.55,0,0,0,0,0,2,0,0,2,0,0,0,0.3,-1,0,0,0,1,0,0,0,200002908,0,0,0,0,0,3,0,-210,-30,0,0,0,0,0,0,0,0,0,0,0,254,254,254,254,1,1,0,0,0,0,0,0,0,0,0,1,0,0,0,0,0,1,0,0,0,0,0,1,0,0,0,0,0,0,-1,0,0,0,0,1,0,0,1,0,0,0,0,0,0,0,10,0,-1,0,-1,0,0,-1,-1,-1,-1,0,0,0,0,-1,0,0,-1,0,1,-1,[0|0|0|0|0|0|0|0]
200002904,Firespark Perfume Bottle - Bullet,600000022,441012,-1,-1,1.5,0,0,0,0,0,0.8,0,0,0.8,0,0,0,0.3,-1,0,0,0,1,0,0,0,200002908,0,0,0,0,0,1,0,45,0,0,0,0,0,0,0,0,0,0,0,0,254,254,254,254,1,1,0,0,0,0,0,0,0,0,0,1,0,0,0,0,0,1,0,0,0,0,0,1,0,0,0,0,0,0,-1,0,0,0,0,1,0,0,1,0,0,0,0,0,0,0,10,0,-1,0,-1,0,0,-1,-1,-1,-1,0,0,0,0,-1,0,0,-1,0,1,-1,[0|0|0|0|0|0|0|0]
200002905,Firespark Perfume Bottle - Bullet,600000022,441012,-1,-1,1.5,0,0,0,0,0,0.8,0,0,0.8,0,0,0,0.3,-1,0,0,0,1,0,0,0,200002908,0,0,0,0,0,1,0,-45,0,0,0,0,0,0,0,0,0,0,0,0,254,254,254,254,1,1,0,0,0,0,0,0,0,0,0,1,0,0,0,0,0,1,0,0,0,0,0,1,0,0,0,0,0,0,-1,0,0,0,0,1,0,0,1,0,0,0,0,0,0,0,10,0,-1,0,-1,0,0,-1,-1,-1,-1,0,0,0,0,-1,0,0,-1,0,1,-1,[0|0|0|0|0|0|0|0]
200002906,Firespark Perfume Bottle - Bullet,600000022,441012,-1,-1,1.5,0,0,0,0,0,0.7,0,0,0.7,0,0,0,0.3,-1,0,0,0,1,0,0,0,200002908,0,0,0,0,0,1,0,-135,0,0,0,0,0,0,0,0,0,0,0,0,254,254,254,254,1,1,0,0,0,0,0,0,0,0,0,1,0,0,0,0,0,1,0,0,0,0,0,1,0,0,0,0,0,0,-1,0,0,0,0,1,0,0,1,0,0,0,0,0,0,0,10,0,-1,0,-1,0,0,-1,-1,-1,-1,0,0,0,0,-1,0,0,-1,0,1,-1,[0|0|0|0|0|0|0|0]
200002907,Firespark Perfume Bottle - Bullet,600000022,441012,-1,-1,1.5,0,0,0,0,0,0.7,0,0,0.7,0,0,0,0.3,-1,0,0,0,1,0,0,0,200002908,0,0,0,0,0,1,0,115,0,0,0,0,0,0,0,0,0,0,0,0,254,254,254,254,1,1,0,0,0,0,0,0,0,0,0,1,0,0,0,0,0,1,0,0,0,0,0,1,0,0,0,0,0,0,-1,0,0,0,0,1,0,0,1,0,0,0,0,0,0,0,10,0,-1,0,-1,0,0,-1,-1,-1,-1,0,0,0,0,-1,0,0,-1,0,1,-1,[0|0|0|0|0|0|0|0]
200002908,Firespark Perfume Bottle - Bullet ,600000023,441012,-1,-1,3.5,0,0,0,0,0,0,0,0,0,0,0,0,1,-1,0,0,0,1,0,0,0,200002910,0,0,0,0,0,1,0,0,0,0,0,0,0,0,0,0,0,0,0,0,254,254,254,254,1,1,1,0,0,0,5,0,0,1,0,1,0,0,0,0,0,1,0,0,0,0,0,1,0,0,0,0,0,0,-1,0,0,0,0,1,0,0,1,0,0,0,0,0,0,0,0,0,-1,0,-1,0,0,-1,-1,-1,-1,0,0,0,0,-1,0,0,-1,0,1,-1,[0|0|0|0|0|0|0|0]
200002909,Firespark Perfume Bottle - Bullet,600000023,-1,-1,-1,1.1,0,0.1,0,0,0,0,0,0,0,0,0,0,0.5,0.5,0,0,0,1,0,0,0,-1,0,0,0,0,0,3,0,0,0,0,0,0,0,0,0,0,0,0,0,0,254,254,254,254,1,1,0,0,0,0,0,0,0,1,0,1,0,0,0,0,0,1,0,0,0,0,0,0,0,0,0,0,0,0,-1,0,0,0,0,1,0,0,0,0,0,0,0,0,0,0,0,0,-1,0,-1,0,6,-1,-1,-1,-1,0,0,0,0,-1,0,0,-1,0,1,-1,[0|0|0|0|0|0|0|0]
200002910,Firespark Perfume Bottle - Bullet  ,600000023,441012,-1,-1,0.1,0,0,0,0,0,0,0,0,0,0,0,0,0.3,-1,0,0,0,1,0,0,0,200002911,0,0,0,0,0,1,0,0,0,0,0,0,0,0,0,0,0,0,0,0,254,254,254,254,1,1,0,0,0,0,5,0,0,1,0,1,0,0,0,0,0,1,0,0,0,0,0,0,0,0,0,0,0,0,-1,0,0,0,0,1,0,0,0,0,0,0,0,0,0,0,0,0,-1,0,-1,0,0,-1,-1,-1,-1,0,0,0,0,-1,0,0,-1,0,1,-1,[0|0|0|0|0|0|0|0]
200002911,Firespark Perfume Bottle - Bullet   ,600000020,441013,-1,-1,0.5,0,0,0,0,0,0,0,0,0,0,0,0,1,1.5,0.1,0,0,1,0,0,0,-1,0,0,0,0,0,1,0,0,0,0,0,0,0,0,0,0,0,0,0,0,254,254,254,254,1,1,0,0,0,0,5,0,0,1,0,1,0,0,0,0,0,1,0,0,0,0,0,0,0,0,0,0,0,0,-1,0,0,0,0,1,0,0,0,0,0,0,0,0,0,0,0,0,-1,0,-1,0,6,-1,-1,-1,-1,0,0,0,0,-1,0,0,-1,0,1,-1,[0|0|0|0|0|0|0|0]
200002920,Firespark Perfume Bottle - Bullet,600000022,441012,-1,-1,1.4,0,0,0,0,0,3.5,0,0,3.5,0,0,0,0.3,-1,0,0,0,1,0,0,0,200002924,0,0,0,0,0,3,0,65,-30,0,0,0,0,0,0,0,0,0,0,0,254,254,254,254,1,1,0,0,0,0,0,0,0,0,0,1,0,0,0,0,0,1,0,0,0,0,0,1,0,0,0,0,0,0,-1,0,0,0,0,1,0,0,1,0,0,0,0,0,0,0,10,0,-1,0,-1,0,0,-1,-1,-1,-1,0,0,0,0,-1,0,0,-1,0,1,-1,[0|0|0|0|0|0|0|0]
200002921,Firespark Perfume Bottle - Bullet,600000022,441012,-1,-1,1.4,0,0,0,0,0,3.5,0,0,3.5,0,0,0,0.3,-1,0,0,0,1,0,0,0,200002924,0,0,0,0,0,3,0,-20,-30,0,0,0,0,0,0,0,0,0,0,0,254,254,254,254,1,1,0,0,0,0,0,0,0,0,0,1,0,0,0,0,0,1,0,0,0,0,0,1,0,0,0,0,0,0,-1,0,0,0,0,1,0,0,1,0,0,0,0,0,0,0,10,0,-1,0,-1,0,0,-1,-1,-1,-1,0,0,0,0,-1,0,0,-1,0,1,-1,[0|0|0|0|0|0|0|0]
200002922,Firespark Perfume Bottle - Bullet,600000022,441012,-1,-1,1.4,0,0,0,0,0,3.5,0,0,3.5,0,0,0,0.3,-1,0,0,0,1,0,0,0,200002924,0,0,0,0,0,3,0,-115,-30,0,0,0,0,0,0,0,0,0,0,0,254,254,254,254,1,1,0,0,0,0,0,0,0,0,0,1,0,0,0,0,0,1,0,0,0,0,0,1,0,0,0,0,0,0,-1,0,0,0,0,1,0,0,1,0,0,0,0,0,0,0,10,0,-1,0,-1,0,0,-1,-1,-1,-1,0,0,0,0,-1,0,0,-1,0,1,-1,[0|0|0|0|0|0|0|0]
200002923,Firespark Perfume Bottle - Bullet,600000022,441012,-1,-1,1.4,0,0,0,0,0,3.5,0,0,3.5,0,0,0,0.3,-1,0,0,0,1,0,0,0,200002924,0,0,0,0,0,3,0,-210,-30,0,0,0,0,0,0,0,0,0,0,0,254,254,254,254,1,1,0,0,0,0,0,0,0,0,0,1,0,0,0,0,0,1,0,0,0,0,0,1,0,0,0,0,0,0,-1,0,0,0,0,1,0,0,1,0,0,0,0,0,0,0,10,0,-1,0,-1,0,0,-1,-1,-1,-1,0,0,0,0,-1,0,0,-1,0,1,-1,[0|0|0|0|0|0|0|0]
200002924,Firespark Perfume Bottle - Bullet ,600000023,441012,-1,-1,3.5,0,0,0,0,0,0,0,0,0,0,0,0,1.2,-1,0,0,0,1,0,0,0,200002926,0,0,0,0,0,1,0,0,0,0,0,0,0,0,0,0,0,0,0,0,254,254,254,254,1,1,1,0,0,0,5,0,0,1,0,1,0,0,0,0,0,1,0,0,0,0,0,1,0,0,0,0,0,0,-1,0,0,0,0,1,0,0,1,0,0,0,0,0,0,0,0,0,-1,0,-1,0,0,-1,-1,-1,-1,0,0,0,0,-1,0,0,-1,0,1,-1,[0|0|0|0|0|0|0|0]
200002925,Firespark Perfume Bottle - Bullet,600000023,-1,-1,-1,1.1,0,0.1,0,0,0,0,0,0,0,0,0,0,0.5,0.5,0,0,0,1,0,0,0,-1,0,0,0,0,0,5,0,0,0,0,0,0,0,0,0,0,0,0,0,0,254,254,254,254,1,1,0,0,0,0,0,0,0,1,0,1,0,0,0,0,0,1,0,0,0,0,0,0,0,0,0,0,0,0,-1,0,0,0,0,1,0,0,0,0,0,0,0,0,0,0,0,0,-1,0,-1,0,6,-1,-1,-1,-1,0,0,0,0,-1,0,0,-1,0,1,-1,[0|0|0|0|0|0|0|0]
200002926,Firespark Perfume Bottle - Bullet  ,600000023,441012,-1,-1,0.1,0,0,0,0,0,0,0,0,0,0,0,0,0.3,-1,0,0,0,1,0,0,0,200002927,0,0,0,0,0,1,0,0,0,0,0,0,0,0,0,0,0,0,0,0,254,254,254,254,1,1,0,0,0,0,5,0,0,1,0,1,0,0,0,0,0,1,0,0,0,0,0,0,0,0,0,0,0,0,-1,0,0,0,0,1,0,0,0,0,0,0,0,0,0,0,0,0,-1,0,-1,0,0,-1,-1,-1,-1,0,0,0,0,-1,0,0,-1,0,1,-1,[0|0|0|0|0|0|0|0]
200002927,Firespark Perfume Bottle - Bullet   ,600000021,441013,-1,-1,0.5,0,0,0,0,0,0,0,0,0,0,0,0,1,1.5,0.1,0,0,1,0,0,0,-1,0,0,0,0,0,1,0,0,0,0,0,0,0,0,0,0,0,0,0,0,254,254,254,254,1,1,0,0,0,0,5,0,0,1,0,1,0,0,0,0,0,1,0,0,0,0,0,0,0,0,0,0,0,0,-1,0,0,0,0,1,0,0,0,0,0,0,0,0,0,0,0,0,-1,0,-1,0,6,-1,-1,-1,-1,0,0,0,0,-1,0,0,-1,0,1,-1,[0|0|0|0|0|0|0|0]
200002928,Firespark Perfume Bottle - Bullet,600000023,-1,-1,-1,0,0,0,0,0,0,0,0,0,0,0,0,0,0.1,-1,0,0,0,1,0,0,0,-1,0,0,0,0,0,1,0,0,0,0,0,0,0,0,0,0,0,0,0,0,254,254,254,254,1,1,0,0,0,0,0,0,0,1,0,1,0,0,0,0,0,1,0,0,0,0,0,0,0,0,0,0,0,0,-1,0,0,0,0,1,0,0,0,0,0,0,0,0,0,0,0,0,-1,0,-1,0,0,-1,-1,-1,-1,0,0,0,0,-1,0,0,-1,0,1,-1,[0|0|0|0|0|0|0|0]
