ID,Name,disableParam_NT,disableParamReserve1,disableParamReserve2,targetWeaponId,swordArtsTableId,attachEffectTableId_1,attachEffectTableId_2,attachEffectTableId_3,weaponLevel,isCursed,unknown_1,magicTableId_1,magicTableId_2,attachEffectTableId_4,attachEffectTableId_5,attachEffectTableId_6,
2120000,[Rare] Ringed Knight Staight Sword,1,0,[0|0|0],2120000,132,501200200,-1,-1,0,0,0,-1,-1,620000000,501200200,505200200
2120060,[Rot] Ringed Knight Staight Sword,1,0,[0|0|0],2120000,132,808110402,-1,-1,0,0,0,-1,-1,620000000,808110402,505200200
2120070,[Sleep] Ringed Knight Staight Sword,1,0,[0|0|0],2120000,132,808110202,-1,-1,0,0,0,-1,-1,620000000,808110202,505200200
2125000,[Unique] Ringed Knight Staight Sword,1,0,[0|0|0],2120000,132,630000000,501200200,810000000,0,1,0,-1,-1,630000000,501200200,810000000
2125060,[Unique Rot] Ringed Knight Staight Sword,1,0,[0|0|0],2120000,132,630000000,808110402,810000000,0,1,0,-1,-1,630000000,808110402,810000000
2125070,[Unique Sleep] Ringed Knight Staight Sword,1,0,[0|0|0],2120000,132,630000000,808110202,810000000,0,1,0,-1,-1,630000000,808110202,810000000
2130000,[Common] Broken Straight Sword,1,0,[0|0|0],2130000,-1,501200000,-1,-1,0,0,0,-1,-1,-1,-1,-1
2160000,[Rare] Lothric's Holy Sword,1,0,[0|0|0],2160000,-1,501200200,-1,-1,0,0,0,-1,-1,620000000,501200200,505200200
2165000,[Unique] Lothric's Holy Sword,1,0,[0|0|0],2160000,-1,630000000,501200200,810000000,0,1,0,-1,-1,630000000,501200200,810000000
2530000,[Rare] Carian Thrusting Sword,1,0,[0|0|0],2530000,-1,501200200,-1,-1,0,0,0,5000000,5000000,620000000,501200200,505200200
2530060,[Rot] Carian Thrusting Sword,1,0,[0|0|0],2530000,-1,808110402,-1,-1,0,0,0,5000000,5000000,620000000,808110402,505200200
2530070,[Sleep] Carian Thrusting Sword,1,0,[0|0|0],2530000,-1,808110202,-1,-1,0,0,0,5000000,5000000,620000000,808110202,505200200
2535000,[Unique] Carian Thrusting Sword,1,0,[0|0|0],2530000,-1,630000000,501200200,810000000,0,1,0,5000000,5000000,630000000,501200200,810000000
2535060,[Unique Rot] Carian Thrusting Sword,1,0,[0|0|0],2530000,-1,630000000,808110402,810000000,0,1,0,5000000,5000000,630000000,808110402,810000000
2535070,[Unique Sleep] Carian Thrusting Sword,1,0,[0|0|0],2530000,-1,630000000,808110202,810000000,0,1,0,5000000,5000000,630000000,808110202,810000000
2550000,[Rare] Sword of Light,1,0,[0|0|0],2550000,5020,501200200,-1,-1,0,0,0,-1,-1,620000000,501200200,505200200
2550060,[Rot] Sword of Light,1,0,[0|0|0],2550000,5020,808110402,-1,-1,0,0,0,-1,-1,620000000,808110402,505200200
2550070,[Sleep] Sword of Light,1,0,[0|0|0],2550000,5020,808110202,-1,-1,0,0,0,-1,-1,620000000,808110202,505200200
2555000,[Unique] Sword of Light,1,0,[0|0|0],2550000,5020,630000000,501200200,810000000,0,1,0,-1,-1,630000000,501200200,810000000
2555060,[Unique Rot] Sword of Light,1,0,[0|0|0],2550000,5020,630000000,808110402,810000000,0,1,0,-1,-1,630000000,808110402,810000000
2555070,[Unique Sleep] Sword of Light,1,0,[0|0|0],2550000,5020,630000000,808110202,810000000,0,1,0,-1,-1,630000000,808110202,810000000
2560000,[Rare] Sword of Darkness,1,0,[0|0|0],2560000,5030,501200200,-1,-1,0,0,0,-1,-1,620000000,501200200,505200200
2560060,[Rot] Sword of Darkness,1,0,[0|0|0],2560000,5030,808110402,-1,-1,0,0,0,-1,-1,620000000,808110402,505200200
2560070,[Sleep] Sword of Darkness,1,0,[0|0|0],2560000,5030,808110202,-1,-1,0,0,0,-1,-1,620000000,808110202,505200200
2565000,[Unique] Sword of Darkness,1,0,[0|0|0],2560000,5030,630000000,501200200,810000000,0,1,0,-1,-1,630000000,501200200,810000000
2565060,[Unique Rot] Sword of Darkness,1,0,[0|0|0],2560000,5030,630000000,808110402,810000000,0,1,0,-1,-1,630000000,808110402,810000000
2565070,[Unique Sleep] Sword of Darkness,1,0,[0|0|0],2560000,5030,630000000,808110202,810000000,0,1,0,-1,-1,630000000,808110202,810000000
2570000,[Uncommon] Gotthard Twinswords,1,0,[0|0|0],2570000,-1,501200100,-1,-1,0,0,0,-1,-1,610000000,501200100,505200100
2570050,[Untyped] Gotthard Twinswords,1,0,[0|0|0],2570000,-1,501200100,-1,-1,0,0,0,-1,-1,610000000,501200100,505200100
2570060,[Rot] Gotthard Twinswords,1,0,[0|0|0],2570000,-1,808110401,-1,-1,0,0,0,-1,-1,610000000,808110401,505200100
2570070,[Sleep] Gotthard Twinswords,1,0,[0|0|0],2570000,-1,808110201,-1,-1,0,0,0,-1,-1,610000000,808110202,505200100
2570100,[Elemental] Gotthard Twinswords,1,0,[0|0|0],2570000,20000100,501200100,-1,-1,0,0,0,-1,-1,610000000,501200100,505200100
2570500,[Fire] Gotthard Twinswords,1,0,[0|0|0],2570500,20000500,501200100,-1,-1,0,0,0,-1,-1,610000000,501200100,505200100
2570600,[Lightning] Gotthard Twinswords,1,0,[0|0|0],2570600,20000600,501200100,-1,-1,0,0,0,-1,-1,610000000,501200100,505200100
2570700,[Holy] Gotthard Twinswords,1,0,[0|0|0],2570700,20000700,501200100,-1,-1,0,0,0,-1,-1,610000000,501200100,505200100
2570800,[Magic] Gotthard Twinswords,1,0,[0|0|0],2570800,20000800,501200100,-1,-1,0,0,0,-1,-1,610000000,501200100,505200100
2570900,[Frost] Gotthard Twinswords,1,0,[0|0|0],2570900,20000900,501200100,-1,-1,0,0,0,-1,-1,610000000,501200100,505200100
2571000,[Poison] Gotthard Twinswords,1,0,[0|0|0],2571000,20001000,501200100,-1,-1,0,0,0,-1,-1,610000000,501200100,505200100
2571100,[Blood] Gotthard Twinswords,1,0,[0|0|0],2571100,20001100,501200100,-1,-1,0,0,0,-1,-1,610000000,501200100,505200100
3520000,[Legendary] Gaels Greatsword,1,0,[0|0|0],3520000,128,501000200,-1,-1,0,0,0,-1,-1,620000000,501200200,505200200
3550000,[Rare] Greatsword of Solitude,1,0,[0|0|0],3550000,5430,501200200,-1,-1,0,0,0,-1,-1,620000000,501200200,505200200
3550060,[Rot] Greatsword of Solitude,1,0,[0|0|0],3550000,5430,808110402,-1,-1,0,0,0,-1,-1,620000000,808110402,505200200
3550070,[Sleep] Greatsword of Solitude,1,0,[0|0|0],3550000,5430,808110202,-1,-1,0,0,0,-1,-1,620000000,808110202,505200200
3555000,[Unique] Greatsword of Solitude,1,0,[0|0|0],3550000,5430,630000000,501200200,810000000,0,1,0,-1,-1,630000000,501200200,810000000
3555060,[Unique Rot] Greatsword of Solitude,1,0,[0|0|0],3550000,5430,630000000,808110402,810000000,0,1,0,-1,-1,630000000,808110402,810000000
3555070,[Unique Sleep] Greatsword of Solitude,1,0,[0|0|0],3550000,5430,630000000,808110202,810000000,0,1,0,-1,-1,630000000,808110202,810000000
3560000,[Legendary] Twin Princes' Greatsword,1,0,[0|0|0],3560000,-1,501200200,-1,-1,0,0,0,-1,-1,-1,-1,-1
4090000,[Rare] Fume Ultra Greatsword,1,0,[0|0|0],4090000,-1,501100200,-1,-1,0,0,0,-1,-1,620000000,501100200,505100200
4090060,[Rot] Fume Ultra Greatsword,1,0,[0|0|0],4090000,-1,808110402,-1,-1,0,0,0,-1,-1,620000000,808110402,505200200
4090070,[Sleep] Fume Ultra Greatsword,1,0,[0|0|0],4090000,-1,808110202,-1,-1,0,0,0,-1,-1,620000000,808110202,505200200
4095000,[Unique] Fume Ultra Greatsword,1,0,[0|0|0],4090000,-1,630000000,501200200,810000000,0,1,0,-1,-1,630000000,501200200,810000000
4095060,[Unique Rot] Fume Ultra Greatsword,1,0,[0|0|0],4090000,-1,630000000,808110402,810000000,0,1,0,-1,-1,630000000,808110402,810000000
4095070,[Unique Sleep] Fume Ultra Greatsword,1,0,[0|0|0],4090000,-1,630000000,808110202,810000000,0,1,0,-1,-1,630000000,808110202,810000000
4120000,[Rare] Lorian's Greatsword,1,0,[0|0|0],4120000,-1,501200200,-1,-1,0,0,0,-1,-1,620000000,501200200,505200200
4125000,[Unique] Lorian's Greatsword,1,0,[0|0|0],4120000,-1,630000000,501200200,810000000,0,1,0,-1,-1,630000000,501200200,810000000
4500000,[Legendary] Ancient Meteoric ore Greatsword,1,0,[0|0|0],4500000,5240,501200200,-1,-1,0,0,0,-1,-1,-1,-1,-1
4600000,[Legendary] Farron Greatsword,1,0,[0|0|0],4600000,-1,501200200,-1,-1,0,0,0,-1,-1,-1,-1,-1
5070000,[Rare] Crow Quills,1,0,[0|0|0],5070000,127,501200200,-1,-1,0,0,0,-1,-1,620000000,501200200,505200200
5070060,[Rot] Crow Quills,1,0,[0|0|0],5070000,127,808110402,-1,-1,0,0,0,-1,-1,620000000,808110402,505200200
5070070,[Sleep] Crow Quills,1,0,[0|0|0],5070000,127,808110202,-1,-1,0,0,0,-1,-1,620000000,808110202,505200200
5075000,[Unique] Crow Quills,1,0,[0|0|0],5070000,127,630000000,501200200,810000000,0,1,0,-1,-1,630000000,501200200,810000000
5075060,[Unique Rot] Crow Quills,1,0,[0|0|0],5070000,127,630000000,808110402,810000000,0,1,0,-1,-1,630000000,808110402,810000000
5075070,[Unique Sleep] Crow Quills,1,0,[0|0|0],5070000,127,630000000,808110202,810000000,0,1,0,-1,-1,630000000,808110202,810000000
7130000,[Rare] Demon's Scar,1,0,[0|0|0],7130000,-1,501200200,-1,-1,0,0,0,5100000,5100000,620000000,501200200,505200200
7130060,[Rot] Demon's Scar,1,0,[0|0|0],7130000,-1,808110402,-1,-1,0,0,0,5100000,5100000,620000000,808110402,505200200
7130070,[Sleep] Demon's Scar,1,0,[0|0|0],7130000,-1,808110202,-1,-1,0,0,0,5100000,5100000,620000000,808110202,505200200
7135000,[Unique] Demon's Scar,1,0,[0|0|0],7130000,-1,630000000,501200200,810000000,0,1,0,5100000,5100000,630000000,501200200,810000000
7135060,[Unique Rot] Demon's Scar,1,0,[0|0|0],7130000,-1,630000000,808110402,810000000,0,1,0,5100000,5100000,630000000,808110402,810000000
7135070,[Unique Sleep] Demon's Scar,1,0,[0|0|0],7130000,-1,630000000,808110202,810000000,0,1,0,5100000,5100000,630000000,808110202,810000000
9110000,[Rare] Star-Lined Sword,1,0,[0|0|0],9110000,-1,501000200,-1,-1,0,0,0,-1,-1,620000000,501000200,505000200
9110060,[Rot] Star-Lined Sword,1,0,[0|0|0],9110000,-1,808110402,-1,-1,0,0,0,-1,-1,620000000,808110402,505000200
9110070,[Sleep] Star-Lined Sword,1,0,[0|0|0],9110000,-1,808110202,-1,-1,0,0,0,-1,-1,620000000,808110202,505000200
9115000,[Unique] Star-Lined Sword,1,0,[0|0|0],9110000,-1,630000000,501000200,810000000,0,1,0,-1,-1,630000000,501000200,810000000
9115060,[Unique Rot] Star-Lined Sword,1,0,[0|0|0],9110000,-1,630000000,808110402,810000000,0,1,0,-1,-1,630000000,808110402,810000000
9115070,[Unique Sleep] Star-Lined Sword,1,0,[0|0|0],9110000,-1,630000000,808110202,810000000,0,1,0,-1,-1,630000000,808110202,810000000
9090000,[Legendary] Frayed Blade,1,0,[0|0|0],9090000,126,501200200,-1,-1,0,0,0,-1,-1,-1,-1,-1
9100000,[Rare] Sword of Night,1,0,[0|0|0],9100000,-1,501200200,-1,-1,0,0,0,-1,-1,620000000,501200200,505200200
9100060,[Rot] Sword of Night,1,0,[0|0|0],9100000,-1,808110402,-1,-1,0,0,0,-1,-1,620000000,808110402,505200200
9100070,[Sleep] Sword of Night,1,0,[0|0|0],9100000,-1,808110202,-1,-1,0,0,0,-1,-1,620000000,808110202,505200200
9105000,[Unique] Sword of Night,1,0,[0|0|0],9100000,-1,630000000,501200200,810000000,0,1,0,-1,-1,630000000,501200200,810000000
9105060,[Unique Rot] Sword of Night,1,0,[0|0|0],9100000,-1,630000000,808110402,810000000,0,1,0,-1,-1,630000000,808110402,810000000
9105070,[Unique Sleep] Sword of Night,1,0,[0|0|0],9100000,-1,630000000,808110202,810000000,0,1,0,-1,-1,630000000,808110202,810000000
10180000,[Legendary] Friede's Great Scythe,1,0,[0|0|0],10180000,-1,501200200,-1,-1,0,0,0,-1,-1,-1,-1,-1
10500000,[Legendary] Euporia,1,0,[0|0|0],10500000,5270,501200200,-1,-1,0,0,0,-1,-1,-1,-1,-1
11400000,[Rare] Aquamarine Dagger,1,0,[0|0|0],11400000,-1,501200200,-1,-1,0,0,0,-1,-1,620000000,501200200,505200200
11400060,[Rot] Aquamarine Dagger,1,0,[0|0|0],11400000,-1,808110402,-1,-1,0,0,0,-1,-1,620000000,808110402,505200200
11400070,[Sleep] Aquamarine Dagger,1,0,[0|0|0],11400000,-1,808110202,-1,-1,0,0,0,-1,-1,620000000,808110202,505200200
11405000,[Unique] Aquamarine Dagger,1,0,[0|0|0],11400000,-1,630000000,501200200,810000000,0,1,0,-1,-1,630000000,501200200,810000000
11405060,[Unique Rot] Aquamarine Dagger,1,0,[0|0|0],11400000,-1,630000000,808110402,810000000,0,1,0,-1,-1,630000000,808110402,810000000
11405070,[Unique Sleep] Aquamarine Dagger,1,0,[0|0|0],11400000,-1,630000000,808110202,810000000,0,1,0,-1,-1,630000000,808110202,810000000
12220000,[Rare] Ledo's,1,0,[0|0|0],12220000,133,501100200,-1,-1,0,0,0,-1,-1,620000000,501100200,505100200
12220060,[Rot] Ledo's,1,0,[0|0|0],12220000,133,808110402,-1,-1,0,0,0,-1,-1,620000000,808110402,505100200
12220070,[Sleep] Ledo's,1,0,[0|0|0],12220000,133,808110202,-1,-1,0,0,0,-1,-1,620000000,808110202,505100200
12225000,[Unique] Ledo's,1,0,[0|0|0],12220000,133,630000000,501200200,810000000,0,1,0,-1,-1,630000000,501200200,810000000
12225060,[Unique Rot] Ledo's,1,0,[0|0|0],12220000,133,630000000,808110402,810000000,0,1,0,-1,-1,630000000,808110402,810000000
12225070,[Unique Sleep] Ledo's,1,0,[0|0|0],12220000,133,630000000,808110202,810000000,0,1,0,-1,-1,630000000,808110202,810000000
14200000,[Uncommon] Dragonslayer Axe,1,0,[0|0|0],14200000,140000000,501200100,-1,-1,0,0,0,-1,-1,610000000,501200100,505200100
14200050,[Untyped] Dragonslayer Axe,1,0,[0|0|0],14200000,140000050,501200100,-1,-1,0,0,0,-1,-1,610000000,501200100,505200100
14200060,[Rot] Dragonslayer Axe,1,0,[0|0|0],14200000,140000050,808110401,-1,-1,0,0,0,-1,-1,610000000,808110401,505200100
14200070,[Sleep] Dragonslayer Axe,1,0,[0|0|0],14200000,140000050,808110201,-1,-1,0,0,0,-1,-1,610000000,808110201,505200100
14200100,[Elemental] Dragonslayer Axe,1,0,[0|0|0],14200000,140000100,501200100,-1,-1,0,0,0,-1,-1,610000000,501200100,505200100
14200500,[Fire] Dragonslayer Axe,1,0,[0|0|0],14200500,140000500,501200100,-1,-1,0,0,0,-1,-1,610000000,501200100,505200100
14200600,[Lightning] Dragonslayer Axe,1,0,[0|0|0],14200600,140000600,501200100,-1,-1,0,0,0,-1,-1,610000000,501200100,505200100
14200700,[Holy] Dragonslayer Axe,1,0,[0|0|0],14200700,140000700,501200100,-1,-1,0,0,0,-1,-1,610000000,501200100,505200100
14200800,[Magic] Dragonslayer Axe,1,0,[0|0|0],14200800,140000800,501200100,-1,-1,0,0,0,-1,-1,610000000,501200100,505200100
14200900,[Frost] Dragonslayer Axe,1,0,[0|0|0],14200900,140000600,501200100,-1,-1,0,0,0,-1,-1,610000000,501200100,505200100
14201000,[Poison] Dragonslayer Axe,1,0,[0|0|0],14201000,140001000,501200100,-1,-1,0,0,0,-1,-1,610000000,501200100,505200100
14201200,[Occult] Dragonslayer Axe,1,0,[0|0|0],14200000,140001200,501200100,-1,-1,0,0,0,-1,-1,610000000,501200100,505200100
15150000,[Rare] Black Knight Greataxe,1,0,[0|0|0],15150000,150000000,501000200,-1,-1,0,0,0,-1,-1,620000000,501000200,505000200
15150050,[Untyped] Black Knight Greataxe,1,0,[0|0|0],15150000,150000050,501000200,-1,-1,0,0,0,-1,-1,620000000,501000200,505000200
15150060,[Rot] Black Knight Greataxe,1,0,[0|0|0],15150000,150000050,808110402,-1,-1,0,0,0,-1,-1,620000000,808110402,505000200
15150070,[Sleep] Black Knight Greataxe,1,0,[0|0|0],15150000,150000050,808110202,-1,-1,0,0,0,-1,-1,620000000,808110202,505000200
15150100,[Elemental] Black Knight Greataxe,1,0,[0|0|0],15150000,150000100,501000200,-1,-1,0,0,0,-1,-1,620000000,501000200,505000200
15150500,[Fire] Black Knight Greataxe,1,0,[0|0|0],15150500,150000500,501000200,-1,-1,0,0,0,-1,-1,620000000,501000200,505000200
15150600,[Lightning] Black Knight Greataxe,1,0,[0|0|0],15150600,150000600,501000200,-1,-1,0,0,0,-1,-1,620000000,501000200,505000200
15150700,[Holy] Black Knight Greataxe,1,0,[0|0|0],15150700,150000700,501000200,-1,-1,0,0,0,-1,-1,620000000,501000200,505000200
15150800,[Magic] Black Knight Greataxe,1,0,[0|0|0],15150800,150000800,501000200,-1,-1,0,0,0,-1,-1,620000000,501000200,505000200
15150900,[Frost] Black Knight Greataxe,1,0,[0|0|0],15150900,150000900,501000200,-1,-1,0,0,0,-1,-1,620000000,501000200,505000200
15151000,[Poison] Black Knight Greataxe,1,0,[0|0|0],15151000,150001000,501000200,-1,-1,0,0,0,-1,-1,620000000,501000200,505000200
15151200,[Occult] Black Knight Greataxe,1,0,[0|0|0],15150000,150001200,501000200,-1,-1,0,0,0,-1,-1,620000000,501000200,505000200
15155000,[Unique] Black Knight Greataxe,1,0,[0|0|0],15150000,150000000,630000000,501000200,810000000,0,1,0,-1,-1,630000000,501000200,810000000
15155050,[Unique Untyped] Black Knight Greataxe,1,0,[0|0|0],15150000,150000050,630000000,501000200,810000000,0,1,0,-1,-1,630000000,501000200,810000000
15155060,[Unique Rot] Black Knight Greataxe,1,0,[0|0|0],15150000,150000050,630000000,808110402,810000000,0,1,0,-1,-1,630000000,808110402,810000000
15155070,[Unique Sleep] Black Knight Greataxe,1,0,[0|0|0],15150000,150000050,630000000,808110202,810000000,0,1,0,-1,-1,630000000,808110202,810000000
15155100,[Unique Elemental] Black Knight Greataxe,1,0,[0|0|0],15150000,150000100,630000000,501000200,810000000,0,1,0,-1,-1,630000000,501000200,810000000
15155500,[Unique Fire] Black Knight Greataxe,1,0,[0|0|0],15150500,150000500,630000000,501000200,810000000,0,1,0,-1,-1,630000000,501000200,810000000
15155600,[Unique Lightning] Black Knight Greataxe,1,0,[0|0|0],15150600,150000600,630000000,501000200,810000000,0,1,0,-1,-1,630000000,501000200,810000000
15155700,[Unique Holy] Black Knight Greataxe,1,0,[0|0|0],15150700,150000700,630000000,501000200,810000000,0,1,0,-1,-1,630000000,501000200,810000000
15155800,[Unique Magic] Black Knight Greataxe,1,0,[0|0|0],15150800,150000800,630000000,501000200,810000000,0,1,0,-1,-1,630000000,501000200,810000000
15155900,[Unique Frost] Black Knight Greataxe,1,0,[0|0|0],15150900,150000900,630000000,501000200,810000000,0,1,0,-1,-1,630000000,501000200,810000000
15156000,[Unique Poison] Black Knight Greataxe,1,0,[0|0|0],15151000,150001000,630000000,501000200,810000000,0,1,0,-1,-1,630000000,501000200,810000000
15156200,[Unique Occult] Black Knight Greataxe,1,0,[0|0|0],15150000,150001200,630000000,501000200,810000000,0,1,0,-1,-1,630000000,501000200,810000000
8090000,[Rare] Harald Curved Greatsword,1,0,[0|0|0],8090000,-1,501000200,-1,-1,0,0,0,-1,-1,620000000,501000200,505000200
8090050,[Untyped] Harald Curved Greatsword,1,0,[0|0|0],8090000,-1,501000200,-1,-1,0,0,0,-1,-1,620000000,501000200,505000200
8090060,[Rot] Harald Curved Greatsword,1,0,[0|0|0],8090000,-1,808110402,-1,-1,0,0,0,-1,-1,620000000,808110402,505000200
8090070,[Sleep] Harald Curved Greatsword,1,0,[0|0|0],8090000,-1,808110202,-1,-1,0,0,0,-1,-1,620000000,808110202,505000200
8090500,[Fire] Harald Curved Greatsword,1,0,[0|0|0],8090500,-1,501000200,-1,-1,0,0,0,-1,-1,620000000,501000200,505000200
8090600,[Lightning] Harald Curved Greatsword,1,0,[0|0|0],8090600,-1,501000200,-1,-1,0,0,0,-1,-1,620000000,501000200,505000200
8090700,[Holy] Harald Curved Greatsword,1,0,[0|0|0],8090700,-1,501000200,-1,-1,0,0,0,-1,-1,620000000,501000200,505000200
8090800,[Magic] Harald Curved Greatsword,1,0,[0|0|0],8090800,-1,501000200,-1,-1,0,0,0,-1,-1,620000000,501000200,505000200
8090900,[Frost] Harald Curved Greatsword,1,0,[0|0|0],8090900,-1,501000200,-1,-1,0,0,0,-1,-1,620000000,501000200,505000200
8091000,[Poison] Harald Curved Greatsword,1,0,[0|0|0],8091000,-1,501000200,-1,-1,0,0,0,-1,-1,620000000,501000200,505000200
8091100,[Bleed] Harald Curved Greatsword,1,0,[0|0|0],8091100,-1,501000200,-1,-1,0,0,0,-1,-1,620000000,501000200,505000200
8095000,[unique] Harald Curved Greatsword,1,0,[0|0|0],8090000,-1,630000000,501000200,810000000,0,1,0,-1,-1,630000000,501000200,810000000
8095050,[unique Untyped] Harald Curved Greatsword,1,0,[0|0|0],8090000,-1,630000000,501000200,810000000,0,1,0,-1,-1,630000000,501000200,810000000
8095060,[unique Rot] Harald Curved Greatsword,1,0,[0|0|0],8090000,-1,630000000,808110402,810000000,0,1,0,-1,-1,630000000,808110402,810000000
8095070,[unique Sleep] Harald Curved Greatsword,1,0,[0|0|0],8090000,-1,630000000,808110202,810000000,0,1,0,-1,-1,630000000,808110202,810000000
8095500,[unique Fire] Harald Curved Greatsword,1,0,[0|0|0],8090500,-1,630000000,501000200,810000000,0,1,0,-1,-1,630000000,501000200,810000000
8095600,[unique Lightning] Harald Curved Greatsword,1,0,[0|0|0],8090600,-1,630000000,501000200,810000000,0,1,0,-1,-1,630000000,501000200,810000000
8095700,[unique Holy] Harald Curved Greatsword,1,0,[0|0|0],8090700,-1,630000000,501000200,810000000,0,1,0,-1,-1,630000000,501000200,810000000
8095800,[unique Magic] Harald Curved Greatsword,1,0,[0|0|0],8090800,-1,630000000,501000200,810000000,0,1,0,-1,-1,630000000,501000200,810000000
8095900,[unique Frost] Harald Curved Greatsword,1,0,[0|0|0],8090900,-1,630000000,501000200,810000000,0,1,0,-1,-1,630000000,501000200,810000000
8096000,[unique Poison] Harald Curved Greatsword,1,0,[0|0|0],8091000,-1,630000000,501000200,810000000,0,1,0,-1,-1,630000000,501000200,810000000
8096100,[unique Bleed] Harald Curved Greatsword,1,0,[0|0|0],8091100,-1,630000000,501000200,810000000,0,1,0,-1,-1,630000000,501000200,810000000
12400000,[Rare] Quakestone Hammer,1,0,[0|0|0],12400000,-1,501000200,-1,-1,0,0,0,-1,-1,620000000,501000200,505000200
12400060,[Rot] Quakestone Hammer,1,0,[0|0|0],12400000,-1,808110402,-1,-1,0,0,0,-1,-1,620000000,808110402,505000200
12400070,[Sleep] Quakestone Hammer,1,0,[0|0|0],12400000,-1,808110202,-1,-1,0,0,0,-1,-1,620000000,808110202,505000200
12405000,[Unique] Quakestone Hammer,1,0,[0|0|0],12400000,-1,630000000,501000200,810000000,0,1,0,-1,-1,630000000,501000200,810000000
12405060,[Unique rot] Quakestone Hammer,1,0,[0|0|0],12400000,-1,630000000,808110402,810000000,0,1,0,-1,-1,630000000,808110402,810000000
12405070,[Unique sleep] Quakestone Hammer,1,0,[0|0|0],12400000,-1,630000000,808110202,810000000,0,1,0,-1,-1,630000000,808110202,810000000
16200000,[Rare] Ringed Knight Spear,1,0,[0|0|0],16200000,131,501200200,-1,-1,0,0,0,-1,-1,620000000,501200200,505200200
16200060,[Rot] Ringed Knight Spear,1,0,[0|0|0],16200000,131,808110402,-1,-1,0,0,0,-1,-1,620000000,808110402,505200200
16200070,[Sleep] Ringed Knight Spear,1,0,[0|0|0],16200000,131,808110202,-1,-1,0,0,0,-1,-1,620000000,808110202,505200200
16205000,[Unique] Ringed Knight Spear,1,0,[0|0|0],16200000,131,630000000,501200200,810000000,0,1,0,-1,-1,630000000,501200200,810000000
16205060,[Unique Rot] Ringed Knight Spear,1,0,[0|0|0],16200000,131,630000000,808110402,810000000,0,1,0,-1,-1,630000000,808110402,810000000
16205070,[Unique Sleep] Ringed Knight Spear,1,0,[0|0|0],16200000,131,630000000,808110202,810000000,0,1,0,-1,-1,630000000,808110202,810000000
16300000,[Rare] Ringed Knight Paired Greatsword,1,0,[0|0|0],16300000,-1,501200200,-1,-1,0,0,0,-1,-1,620000000,501200200,505200200
16300060,[Rot] Ringed Knight Paired Greatsword,1,0,[0|0|0],16300000,-1,808110402,-1,-1,0,0,0,-1,-1,620000000,808110402,505200200
16300070,[Sleep] Ringed Knight Paired Greatsword,1,0,[0|0|0],16300000,-1,808110202,-1,-1,0,0,0,-1,-1,620000000,808110202,505200200
16305000,[Unique] Ringed Knight Paired Greatsword,1,0,[0|0|0],16300000,-1,630000000,501200200,810000000,0,1,0,-1,-1,630000000,501200200,810000000
16305060,[Unique Rot] Ringed Knight Paired Greatsword,1,0,[0|0|0],16300000,-1,630000000,808110402,810000000,0,1,0,-1,-1,630000000,808110402,810000000
16305070,[Unique Sleep] Ringed Knight Paired Greatsword,1,0,[0|0|0],16300000,-1,630000000,808110202,810000000,0,1,0,-1,-1,630000000,808110202,810000000
18170000,[Rare] Crucifix of the Mad King,1,0,[0|0|0],18170000,130,501200200,-1,-1,0,0,0,-1,-1,620000000,501200200,505200200
18170060,[Rot] Crucifix of the Mad King,1,0,[0|0|0],18170000,130,808110402,-1,-1,0,0,0,-1,-1,620000000,808110402,505200200
18170070,[Sleep] Crucifix of the Mad King,1,0,[0|0|0],18170000,130,808110202,-1,-1,0,0,0,-1,-1,620000000,808110202,505200200
18175000,[Unique] Crucifix of the Mad King,1,0,[0|0|0],18170000,130,630000000,501200200,810000000,0,1,0,-1,-1,630000000,501200200,810000000
18175060,[Unique Rot] Crucifix of the Mad King,1,0,[0|0|0],18170000,130,630000000,808110402,810000000,0,1,0,-1,-1,630000000,808110402,810000000
18175070,[Unique Sleep] Crucifix of the Mad King,1,0,[0|0|0],18170000,130,630000000,808110202,810000000,0,1,0,-1,-1,630000000,808110202,810000000
19500000,[Legendary] Obsidian Lamina,1,0,[0|0|0],19500000,5120,501200200,-1,-1,0,0,0,-1,-1,-1,-1,-1
12300000,[Legendary] Vordt's Great Hammer,1,0,[0|0|0],12300000,-1,501200200,-1,-1,0,0,0,-1,-1,-1,-1,-1
17040000,[Legendary] Spear of the Impaler,1,0,[0|0|0],17040000,-1,501200200,-1,-1,0,0,0,-1,-1,-1,-1,-1
21800000,[Uncommon] Dryleaf Arts,1,0,[0|0|0],21800000,-1,501200100,-1,-1,0,0,0,-1,-1,610000000,501200100,505200100
21800050,[Untyped] Dryleaf Arts,1,0,[0|0|0],21800000,-1,501200100,-1,-1,0,0,0,-1,-1,610000000,501200100,505200100
21800060,[Rot] Dryleaf Arts,1,0,[0|0|0],21800000,-1,808110401,-1,-1,0,0,0,-1,-1,610000000,808110401,505200100
21800070,[Sleep] Dryleaf Arts,1,0,[0|0|0],21800000,-1,808110201,-1,-1,0,0,0,-1,-1,610000000,808110202,505200100
21900000,[Rare] Dane's Footwork,1,0,[0|0|0],21900000,-1,501200200,-1,-1,0,0,0,-1,-1,620000000,501200200,505200200
21900060,[Rot] Dane's Footwork,1,0,[0|0|0],21900000,-1,808110402,-1,-1,0,0,0,-1,-1,620000000,808110402,505200200
21900070,[Sleep] Dane's Footwork,1,0,[0|0|0],21900000,-1,808110202,-1,-1,0,0,0,-1,-1,620000000,808110202,505200200
21905000,[Unique] Dane's Footwork,1,0,[0|0|0],21900000,-1,630000000,501200200,810000000,0,1,0,-1,-1,630000000,501200200,810000000
21905060,[Unique Rot] Dane's Footwork,1,0,[0|0|0],21900000,-1,630000000,808110402,810000000,0,1,0,-1,-1,630000000,808110402,810000000
21905070,[Unique Sleep] Dane's Footwork,1,0,[0|0|0],21900000,-1,630000000,808110202,810000000,0,1,0,-1,-1,630000000,808110202,810000000
22500000,[Rare] Claws of Night,1,0,[0|0|0],22500000,5510,501200200,-1,-1,0,0,0,-1,-1,620000000,501200200,505200200
22500060,[Rot] Claws of Night,1,0,[0|0|0],22500000,5510,808110402,-1,-1,0,0,0,-1,-1,620000000,808110402,505200200
22500070,[Sleep] Claws of Night,1,0,[0|0|0],22500000,5510,808110202,-1,-1,0,0,0,-1,-1,620000000,808110202,505200200
22505000,[Unique] Claws of Night,1,0,[0|0|0],22500000,5510,630000000,501200200,810000000,0,1,0,-1,-1,630000000,501200200,810000000
22505060,[Unique Rot] Claws of Night,1,0,[0|0|0],22500000,5510,630000000,808110402,810000000,0,1,0,-1,-1,630000000,808110402,810000000
22505070,[Unique Sleep] Claws of Night,1,0,[0|0|0],22500000,5510,630000000,808110202,810000000,0,1,0,-1,-1,630000000,808110202,810000000
23500000,[Rare] Devonia's Hammer,1,0,[0|0|0],23500000,-1,501100200,-1,-1,0,0,0,-1,-1,620000000,501100200,505100200
23500060,[Rot] Devonia's Hammer,1,0,[0|0|0],23500000,-1,808110402,-1,-1,0,0,0,-1,-1,620000000,808110402,505100200
23500070,[Sleep] Devonia's Hammer,1,0,[0|0|0],23500000,-1,808110202,-1,-1,0,0,0,-1,-1,620000000,808110202,505100200
23505000,[Unique] Devonia's Hammer,1,0,[0|0|0],23500000,-1,630000000,501100200,810000000,0,1,0,-1,-1,630000000,501100200,810000000
23505060,[Unique Rot] Devonia's Hammer,1,0,[0|0|0],23500000,-1,630000000,808110402,810000000,0,1,0,-1,-1,630000000,808110402,810000000
23505070,[Unique Sleep] Devonia's Hammer,1,0,[0|0|0],23500000,-1,630000000,808110202,810000000,0,1,0,-1,-1,630000000,808110202,810000000
23510000,[Legendary] Shadow Sunflower Blossom,1,0,[0|0|0],23510000,-1,501100200,-1,-1,0,0,0,-1,-1,-1,-1,-1
41080000,[Rare] Ansbach's Longbow,1,0,[0|0|0],41080000,-1,501600200,-1,-1,0,0,0,-1,-1,620000000,501600200,505600200
41080050,[Untyped] Ansbach's Longbow,1,0,[0|0|0],41080000,-1,501600200,-1,-1,0,0,0,-1,-1,620000000,501600200,505600200
41080060,[Rot] Ansbach's Longbow,1,0,[0|0|0],41080000,-1,808110412,-1,-1,0,0,0,-1,-1,620000000,808110412,505600200
41080070,[Sleep] Ansbach's Longbow,1,0,[0|0|0],41080000,-1,808110212,-1,-1,0,0,0,-1,-1,620000000,808110212,505600200
41080100,[Elemental] Ansbach's Longbow,1,0,[0|0|0],41080000,-1,808119982,-1,-1,0,0,0,-1,-1,620000000,808119982,505600200
41080500,[Fire] Ansbach's Longbow,1,0,[0|0|0],41080000,-1,808110702,-1,-1,0,0,0,-1,-1,620000000,808110702,505600200
41080600,[Lightning] Ansbach's Longbow,1,0,[0|0|0],41080000,-1,808110902,-1,-1,0,0,0,-1,-1,620000000,808110902,505600200
41080700,[Holy] Ansbach's Longbow,1,0,[0|0|0],41080000,-1,808111002,-1,-1,0,0,0,-1,-1,620000000,808111002,505600200
41080800,[Magic] Ansbach's Longbow,1,0,[0|0|0],41080000,-1,808110802,-1,-1,0,0,0,-1,-1,620000000,808110802,505600200
41080900,[Frost] Ansbach's Longbow,1,0,[0|0|0],41080000,-1,808110512,-1,-1,0,0,0,-1,-1,620000000,808110512,505600200
41081000,[Poison] Ansbach's Longbow,1,0,[0|0|0],41080000,-1,808110012,-1,-1,0,0,0,-1,-1,620000000,808110012,505600200
41081100,[Blood] Ansbach's Longbow,1,0,[0|0|0],41080000,-1,808110112,-1,-1,0,0,0,-1,-1,620000000,808110112,505600200
41085000,[Unique] Ansbach's Longbow,1,0,[0|0|0],41080000,-1,630000000,501600200,811000000,0,1,0,-1,-1,630000000,501600200,811000000
41085050,[Unique Untyped] Ansbach's Longbow,1,0,[0|0|0],41080000,-1,630000000,501600200,811000000,0,1,0,-1,-1,630000000,501600200,811000000
41085060,[Unique Rot] Ansbach's Longbow,1,0,[0|0|0],41080000,-1,630000000,808110412,811000000,0,1,0,-1,-1,630000000,808110412,811000000
41085070,[Unique Sleep] Ansbach's Longbow,1,0,[0|0|0],41080000,-1,630000000,808110212,811000000,0,1,0,-1,-1,630000000,808110212,811000000
41085100,[Unique Elemental] Ansbach's Longbow,1,0,[0|0|0],41080000,-1,630000000,808119982,811000000,0,1,0,-1,-1,630000000,808119982,811000000
41085500,[Unique Fire] Ansbach's Longbow,1,0,[0|0|0],41080000,-1,630000000,808110702,811000000,0,1,0,-1,-1,630000000,808110702,811000000
41085600,[Unique Lightning] Ansbach's Longbow,1,0,[0|0|0],41080000,-1,630000000,808110902,811000000,0,1,0,-1,-1,630000000,808110902,811000000
41085700,[Unique Holy] Ansbach's Longbow,1,0,[0|0|0],41080000,-1,630000000,808111002,811000000,0,1,0,-1,-1,630000000,808111002,811000000
41085800,[Unique Magic] Ansbach's Longbow,1,0,[0|0|0],41080000,-1,630000000,808110802,811000000,0,1,0,-1,-1,630000000,808110802,811000000
41085900,[Unique Frost] Ansbach's Longbow,1,0,[0|0|0],41080000,-1,630000000,808110512,811000000,0,1,0,-1,-1,630000000,808110512,811000000
41086000,[Unique Poison] Ansbach's Longbow,1,0,[0|0|0],41080000,-1,630000000,808110012,811000000,0,1,0,-1,-1,630000000,808110012,811000000
41086100,[Unique Blood] Ansbach's Longbow,1,0,[0|0|0],41080000,-1,630000000,808110112,811000000,0,1,0,-1,-1,630000000,808110112,811000000
43090000,[Rare] Repeating Crossbow,1,0,[0|0|0],43090000,-1,501200200,-1,-1,0,0,0,-1,-1,620000000,501200200,505200200
43095000,[Unique] Repeating Crossbow,1,0,[0|0|0],43090000,-1,630000000,501600200,812000000,0,1,0,-1,-1,630000000,501600200,812000000
43100000,[Uncommon] Spread Crossbow,1,0,[0|0|0],43100000,-1,501200100,-1,-1,0,0,0,-1,-1,610000000,501200100,505200100
43100050,[Untyped] Spread Crossbow,1,0,[0|0|0],43100000,-1,501200100,-1,-1,0,0,0,-1,-1,610000000,501200100,505200100
62500000,[Uncommon] Dueling Shield,1,0,[0|0|0],6250000,8010,501200100,-1,-1,0,0,0,-1,-1,610000000,501200100,505200100
62500050,[Untyped] Dueling Shield,1,0,[0|0|0],6250000,8010,501200100,-1,-1,0,0,0,-1,-1,610000000,501200100,505200100
62500060,[Rot] Dueling Shield,1,0,[0|0|0],6250000,8010,808110401,-1,-1,0,0,0,-1,-1,610000000,808110401,505200100
62500070,[Sleep] Dueling Shield,1,0,[0|0|0],6250000,8010,808110202,-1,-1,0,0,0,-1,-1,610000000,808110202,505200100
62510000,[Uncommon] Carian Thrusting Shield,1,0,[0|0|0],6260000,8010,501200100,-1,-1,0,0,0,-1,-1,610000000,501200100,505200100
62510050,[Untyped] Carian Thrusting Shield,1,0,[0|0|0],6260000,8010,501200100,-1,-1,0,0,0,-1,-1,610000000,501200100,505200100
62510060,[Rot] Carian Thrusting Shield,1,0,[0|0|0],6260000,8010,808110401,-1,-1,0,0,0,-1,-1,610000000,808110401,505200100
62510070,[Sleep] Carian Thrusting Shield,1,0,[0|0|0],6260000,8010,808110201,-1,-1,0,0,0,-1,-1,610000000,808110202,505200100
63500000,[Uncommon] Smithscript Dagger,1,0,[0|0|0],6460000,-1,501000100,-1,-1,0,0,0,-1,-1,610000000,501000100,505000100
63500050,[Untyped] Smithscript Dagger,1,0,[0|0|0],6460000,-1,501000100,-1,-1,0,0,0,-1,-1,610000000,501000100,505000100
64500000,[Uncommon] Backhand Blade,1,0,[0|0|0],6450000,10020,501200100,-1,-1,0,0,0,-1,-1,610000000,501200100,505200100
64500050,[Untyped] Backhand Blade,1,0,[0|0|0],6450000,10020,501200100,-1,-1,0,0,0,-1,-1,610000000,501200100,505200100
64500060,[Rot] Backhand Blade,1,0,[0|0|0],6450000,4090,808110401,-1,-1,0,0,0,-1,-1,610000000,808110401,505200100
64500070,[Sleep] Backhand Blade,1,0,[0|0|0],6450000,4090,808110202,-1,-1,0,0,0,-1,-1,610000000,808110202,505200100
64500100,[Elemental] Backhand Blade,1,0,[0|0|0],6450000,10021,501000100,-1,-1,0,0,0,-1,-1,610000000,501200100,505200100
64500500,[Fire] Backhand Blade,1,0,[0|0|0],6450500,10022,501000100,-1,-1,0,0,0,-1,-1,610000000,501200100,505200100
64500600,[Lightning] Backhand Blade,1,0,[0|0|0],6450600,10023,501000100,-1,-1,0,0,0,-1,-1,610000000,501200100,505200100
64500700,[Holy] Backhand Blade,1,0,[0|0|0],6450700,10024,501000100,-1,-1,0,0,0,-1,-1,610000000,501200100,505200100
64500800,[Magic] Backhand Blade,1,0,[0|0|0],6450800,10025,501000100,-1,-1,0,0,0,-1,-1,610000000,501200100,505200100
64500900,[Frost] Backhand Blade,1,0,[0|0|0],6450900,10026,501000100,-1,-1,0,0,0,-1,-1,610000000,501200100,505200100
64501000,[Poison] Backhand Blade,1,0,[0|0|0],6451000,10027,501000100,-1,-1,0,0,0,-1,-1,610000000,501200100,505200100
64501100,[Blood] Backhand Blade,1,0,[0|0|0],6451100,10028,501000100,-1,-1,0,0,0,-1,-1,610000000,501200100,505200100
64501200,[Occult] Backhand Blade,1,0,[0|0|0],6450000,10029,501000100,-1,-1,0,0,0,-1,-1,610000000,501200100,505200100
64510000,[Uncommon] Smithscript Cirque,1,0,[0|0|0],6460000,4090,501200100,-1,-1,0,0,0,-1,-1,610000000,501200100,505200100
64510050,[Untyped] Smithscript Cirque,1,0,[0|0|0],6460000,4090,501200100,-1,-1,0,0,0,-1,-1,610000000,501200100,505200100
64510060,[Rot] Smithscript Cirque,1,0,[0|0|0],6460000,4090,808110401,-1,-1,0,0,0,-1,-1,610000000,808110401,505200100
64510070,[Sleep] Smithscript Cirque,1,0,[0|0|0],6460000,4090,808110202,-1,-1,0,0,0,-1,-1,620000000,808110202,505200200
64520000,[Rare] Curseblade's Cirque,1,0,[0|0|0],6470000,5350,501200200,-1,-1,0,0,0,-1,-1,620000000,501200200,505200200
64520060,[Rot] Curseblade's Cirque,1,0,[0|0|0],6470000,5350,808110402,-1,-1,0,0,0,-1,-1,620000000,808110402,505200200
64520070,[Sleep] Curseblade's Cirque,1,0,[0|0|0],6470000,5350,808110202,-1,-1,0,0,0,-1,-1,620000000,808110202,505200200
64525000,[Unique] Curseblade's Cirque,1,0,[0|0|0],6470000,5350,630000000,501200200,810000000,0,1,0,-1,-1,630000000,501200200,810000000
64525060,[Unique Rot] Curseblade's Cirque,1,0,[0|0|0],6470000,5350,630000000,808110402,810000000,0,1,0,-1,-1,630000000,808110402,810000000
64525070,[Unique Sleep] Curseblade's Cirque,1,0,[0|0|0],6470000,5350,630000000,808110202,810000000,0,1,0,-1,-1,630000000,808110202,810000000
66500000,[Uncommon] Great Katana,1,0,[0|0|0],6650000,10000,501200100,-1,-1,0,0,0,-1,-1,610000000,501200100,505200100
66500050,[Untyped] Great Katana,1,0,[0|0|0],6650000,10000,501200100,-1,-1,0,0,0,-1,-1,610000000,501200100,505200100
66500060,[Rot] Great Katana,1,0,[0|0|0],6650000,-1,808110401,-1,-1,0,0,0,-1,-1,610000000,808110401,505200100
66500070,[Sleep] Great Katana,1,0,[0|0|0],6650000,-1,808110202,-1,-1,0,0,0,-1,-1,610000000,808110202,505200100
66500100,[Elemental] Great Katana,1,0,[0|0|0],6650000,10001,501200100,-1,-1,0,0,0,-1,-1,610000000,501200100,505200100
66500500,[Fire] Great Katana,1,0,[0|0|0],6650500,10002,501200100,-1,-1,0,0,0,-1,-1,610000000,501200100,505200100
66500600,[Lightning] Great Katana,1,0,[0|0|0],6650600,10003,501200100,-1,-1,0,0,0,-1,-1,610000000,501200100,505200100
66500700,[Holy] Great Katana,1,0,[0|0|0],6650700,10004,501200100,-1,-1,0,0,0,-1,-1,610000000,501200100,505200100
66500800,[Magic] Great Katana,1,0,[0|0|0],6650800,10005,501200100,-1,-1,0,0,0,-1,-1,610000000,501200100,505200100
66500900,[Frost] Great Katana,1,0,[0|0|0],6650900,10006,501200100,-1,-1,0,0,0,-1,-1,610000000,501200100,505200100
66501000,[Poison] Great Katana,1,0,[0|0|0],6651000,10007,501200100,-1,-1,0,0,0,-1,-1,610000000,501200100,505200100
66501100,[Blood] Great Katana,1,0,[0|0|0],6651100,10008,501200100,-1,-1,0,0,0,-1,-1,610000000,501200100,505200100
66501200,[Occult] Great Katana,1,0,[0|0|0],6650000,10009,501200100,-1,-1,0,0,0,-1,-1,610000000,501200100,505200100
66510000,[Rare] Dragon-Hunter's Great Katana,1,0,[0|0|0],6660000,-1,501000200,-1,-1,0,0,0,-1,-1,620000000,501200200,505200200
66510060,[Rot] Dragon-Hunter's Great Katana,1,0,[0|0|0],6660000,-1,808110402,-1,-1,0,0,0,-1,-1,620000000,808110402,505200200
66510070,[Sleep] Dragon-Hunter's Great Katana,1,0,[0|0|0],6660000,-1,808110202,-1,-1,0,0,0,-1,-1,620000000,808110202,505200200
66515000,[Unique] Dragon-Hunter's Great Katana,1,0,[0|0|0],6660000,-1,630000000,501200200,810000000,0,1,0,-1,-1,630000000,501200200,810000000
66515060,[Unique Rot] Dragon-Hunter's Great Katana,1,0,[0|0|0],6660000,-1,630000000,808110402,810000000,0,1,0,-1,-1,630000000,808110402,810000000
66515070,[Unique Sleep] Dragon-Hunter's Great Katana,1,0,[0|0|0],6660000,-1,630000000,808110202,810000000,0,1,0,-1,-1,630000000,808110202,810000000
66520000,[Rare] Rakshasha's Great Katana,1,0,[0|0|0],6670000,-1,501000200,-1,-1,0,0,0,-1,-1,620000000,501200200,505200200
66520060,[Rot] Rakshasha's Great Katana,1,0,[0|0|0],6670000,-1,808110402,-1,-1,0,0,0,-1,-1,620000000,808110402,505200200
66520070,[Sleep] Rakshasha's Great Katana,1,0,[0|0|0],6670000,-1,808110202,-1,-1,0,0,0,-1,-1,620000000,808110202,505200200
66525000,[Unique] Rakshasha's Great Katana,1,0,[0|0|0],6670000,-1,630000000,501200200,810000000,0,1,0,-1,-1,630000000,501200200,810000000
66525060,[Unique Rot] Rakshasha's Great Katana,1,0,[0|0|0],6670000,-1,630000000,808110402,810000000,0,1,0,-1,-1,630000000,808110402,810000000
66525070,[Unique Sleep] Rakshasha's Great Katana,1,0,[0|0|0],6670000,-1,630000000,808110202,810000000,0,1,0,-1,-1,630000000,808110202,810000000
67500000,[Uncommon] Milady,1,0,[0|0|0],6750000,10010,501200100,-1,-1,0,0,0,-1,-1,610000000,501200100,505200100
67500050,[Untyped] Milady,1,0,[0|0|0],6750000,10010,501200100,-1,-1,0,0,0,-1,-1,610000000,501200100,505200100
67500060,[Rot] Milady,1,0,[0|0|0],6750000,10010,808110401,-1,-1,0,0,0,-1,-1,610000000,808110401,505200100
67500070,[Sleep] Milady,1,0,[0|0|0],6750000,10010,808110202,-1,-1,0,0,0,-1,-1,610000000,808110202,505200100
67500100,[Elemental] Milady,1,0,[0|0|0],6750000,10011,501200100,-1,-1,0,0,0,-1,-1,610000000,501200100,505200100
67500500,[Fire] Milady,1,0,[0|0|0],6750500,10012,501200100,-1,-1,0,0,0,-1,-1,610000000,501200100,505200100
67500600,[Lightning] Milady,1,0,[0|0|0],6750600,10013,501200100,-1,-1,0,0,0,-1,-1,610000000,501200100,505200100
67500700,[Holy] Milady,1,0,[0|0|0],6750700,10014,501200100,-1,-1,0,0,0,-1,-1,610000000,501200100,505200100
67500800,[Magic] Milady,1,0,[0|0|0],6750800,10015,501200100,-1,-1,0,0,0,-1,-1,610000000,501200100,505200100
67500900,[Frost] Milady,1,0,[0|0|0],6750900,10016,501200100,-1,-1,0,0,0,-1,-1,610000000,501200100,505200100
67501000,[Poison] Milady,1,0,[0|0|0],6751000,10017,501200100,-1,-1,0,0,0,-1,-1,610000000,501200100,505200100
67501100,[Blood] Milady,1,0,[0|0|0],6751100,10018,501200100,-1,-1,0,0,0,-1,-1,610000000,501200100,505200100
67501200,[Occult] Milady,1,0,[0|0|0],6750000,10019,501200100,-1,-1,0,0,0,-1,-1,610000000,501200100,505200100
67510000,[Rare] Leda's Sword,1,0,[0|0|0],6760000,-1,501000200,-1,-1,0,0,0,-1,-1,620000000,501200200,505200200
67510060,[Rot] Leda's Sword,1,0,[0|0|0],6760000,-1,808110402,-1,-1,0,0,0,-1,-1,620000000,808110402,505200200
67510070,[Sleep] Leda's Sword,1,0,[0|0|0],6760000,-1,808110202,-1,-1,0,0,0,-1,-1,620000000,808110202,505200200
67515000,[Unique] Leda's Sword,1,0,[0|0|0],6760000,-1,630000000,501200200,810000000,0,1,0,-1,-1,630000000,501200200,810000000
67515060,[Unique Rot] Leda's Sword,1,0,[0|0|0],6760000,-1,630000000,808110402,810000000,0,1,0,-1,-1,630000000,808110402,810000000
67515070,[Unique Sleep] Leda's Sword,1,0,[0|0|0],6760000,-1,630000000,808110202,810000000,0,1,0,-1,-1,630000000,808110202,810000000
67700000,[Legendary] Rellana's,1,0,[0|0|0],6770000,-1,501200200,-1,-1,0,0,0,-1,-1,-1,-1,-1
70900000,[Uncommon] Sellsword Twinblades,1,0,[0|0|0],7090000,70000000,501200100,-1,-1,0,0,0,-1,-1,610000000,501200100,505200100
70900050,[Untyped] Sellsword Twinblades,1,0,[0|0|0],7090000,70000050,501200100,-1,-1,0,0,0,-1,-1,610000000,501200100,505200100
70900060,[Rot] Sellsword Twinblades,1,0,[0|0|0],7090000,70000050,808110401,-1,-1,0,0,0,-1,-1,610000000,808110401,505200100
70900070,[Sleep] Sellsword Twinblades,1,0,[0|0|0],7090000,70000050,808110201,-1,-1,0,0,0,-1,-1,610000000,808110201,505200100
70900100,[Elemental] Sellsword Twinblades,1,0,[0|0|0],7090000,70000100,501200100,-1,-1,0,0,0,-1,-1,610000000,501200100,505200100
70900500,[Fire] Sellsword Twinblades,1,0,[0|0|0],7090500,70000500,501200100,-1,-1,0,0,0,-1,-1,610000000,501200100,505200100
70900600,[Lightning] Sellsword Twinblades,1,0,[0|0|0],7090600,70000600,501200100,-1,-1,0,0,0,-1,-1,610000000,501200100,505200100
70900700,[Holy] Sellsword Twinblades,1,0,[0|0|0],7090700,70000700,501200100,-1,-1,0,0,0,-1,-1,610000000,501200100,505200100
70900800,[Magic] Sellsword Twinblades,1,0,[0|0|0],7090800,70000800,501200100,-1,-1,0,0,0,-1,-1,610000000,501200100,505200100
70900900,[Frost] Sellsword Twinblades,1,0,[0|0|0],7090900,70000900,501200100,-1,-1,0,0,0,-1,-1,610000000,501200100,505200100
70901000,[Poison] Sellsword Twinblades,1,0,[0|0|0],7091000,70001000,501200100,-1,-1,0,0,0,-1,-1,610000000,501200100,505200100
70901100,[Blood] Sellsword Twinblades,1,0,[0|0|0],7091100,70001100,501200100,-1,-1,0,0,0,-1,-1,610000000,501200100,505200100
70901200,[Occult] Sellsword Twinblades,1,0,[0|0|0],7090000,70001200,501200100,-1,-1,0,0,0,-1,-1,610000000,501200100,505200100
