ID,Name,midstSfxId,midstSeId,initSfxId,initSeId,finishSfxId,finishSeId,camouflageBeginDist,camouflageEndDist,transformProtectorId,midstDmyId,initDmyId,finishDmyId,effectType,soulParamIdForWepEnchant,playCategory,playPriority,existEffectForLarge,existEffectForSoul,effectInvisibleAtCamouflage,useCamouflage,invisibleAtFriendCamouflage,isHideFootEffect_forCamouflage,halfCamouflage,isFullBodyTransformProtectorId,isInvisibleWeapon,isSilence,isMidstFullbody,isInitFullbody,isFinishFullbody,isVisibleDeadChr,isUseOffsetEnchantSfxSize,pad_1,decalId1,decalId2,footEffectPriority,footEffectOffset,traceSfxIdOffsetType,forceDeceasedType,enchantStartDmyId_0,enchantEndDmyId_0,enchantStartDmyId_1,enchantEndDmyId_1,enchantStartDmyId_2,enchantEndDmyId_2,enchantStartDmyId_3,enchantEndDmyId_3,enchantStartDmyId_4,enchantEndDmyId_4,enchantStartDmyId_5,enchantEndDmyId_5,enchantStartDmyId_6,enchantEndDmyId_6,enchantStartDmyId_7,enchantEndDmyId_7,SfxIdOffsetType,phantomParamOverwriteType,camouflageMinAlpha,wetAspectType,phantomParamOverwriteId,materialParamId,materialParamInitValue,materialParamTargetValue,materialParamFadeTime,footDecalMaterialOffsetOverwriteId,unknown_1,overlayMaterialParamId,pad_old,
81,Flame Weapon VFX (Right)_1,303001,303001,-1,-1,-1,-1,-1,-1,-1,-1,-1,-1,1,0,0,0,0,0,0,0,0,0,0,0,0,0,0,0,0,0,1,0,-1,-1,0,0,2,0,-1,-1,11300,-1,-1,-1,11310,-1,-1,-1,11320,-1,-1,-1,11330,-1,0,0,0,0,0,-1,0,0,0,-1,0,-1,[0|0|0|0|0|0|0|0]
82,Flame Weapon VFX (Right)_1_1,303071,303071,-1,-1,-1,-1,-1,-1,-1,-1,-1,-1,1,0,0,0,0,0,0,0,0,0,0,0,0,0,0,0,0,0,1,0,-1,-1,0,0,1,0,10300,-1,-1,-1,10310,-1,-1,-1,10320,-1,-1,-1,10330,-1,-1,-1,0,0,0,0,0,-1,0,0,0,-1,0,-1,[0|0|0|0|0|0|0|0]
21140000,Flame Weapon VFX (Right)_1_1_1,303411,303411,-1,-1,-1,-1,-1,-1,-1,-1,-1,-1,1,0,0,0,0,0,0,0,0,0,0,0,0,0,0,0,0,0,1,0,-1,-1,0,0,0,0,10300,-1,11300,-1,10310,-1,11310,-1,10320,-1,11320,-1,10330,-1,11330,-1,28,0,0,0,0,-1,0,0,0,-1,0,-1,[0|0|0|0|0|0|0|0]
21140001,Flame Weapon VFX (Right)_1_1_1_1,303411,303411,-1,-1,-1,-1,-1,-1,-1,-1,-1,-1,2,0,0,0,0,0,0,0,0,0,0,0,0,0,0,0,0,0,1,0,-1,-1,0,0,0,0,20300,-1,21300,-1,20310,-1,21310,-1,20320,-1,21320,-1,20330,-1,21330,-1,28,0,0,0,0,-1,0,0,0,-1,0,-1,[0|0|0|0|0|0|0|0]
8567,Black Flame Weapon VFX (Right)_1,303161,303161,-1,-1,-1,-1,-1,-1,-1,-1,-1,-1,1,17,0,0,0,0,0,0,0,0,0,0,0,0,0,0,0,0,1,0,-1,-1,0,0,17,0,10300,-1,-1,-1,10310,-1,-1,-1,10320,-1,-1,-1,10330,-1,-1,-1,0,0,0,0,0,-1,0,0,0,-1,0,-1,[0|0|0|0|0|0|0|0]
20006101,_1_1,-1,-1,-1,-1,404006,-1,-1,-1,-1,-1,1,10181,0,0,0,0,0,0,0,0,0,0,0,0,0,0,0,0,0,0,0,0,-1,-1,0,0,0,0,-1,-1,-1,-1,-1,-1,-1,-1,-1,-1,-1,-1,-1,-1,-1,-1,0,0,0,0,0,-1,0,0,0,-1,0,-1,[0|0|0|0|0|0|0|0]
20006105,_1,-1,-1,-1,-1,404006,-1,-1,-1,-1,-1,2,901,0,0,0,0,0,0,0,0,0,0,0,0,0,0,0,0,0,0,0,0,-1,-1,0,0,0,0,-1,-1,-1,-1,-1,-1,-1,-1,-1,-1,-1,-1,-1,-1,-1,-1,0,0,0,0,0,-1,0,0,0,-1,0,-1,[0|0|0|0|0|0|0|0]
20008550,,451342,-1,-1,-1,-1,-1,-1,-1,-1,10122,-1,-1,1,10,0,0,0,0,0,0,0,0,0,0,0,0,0,0,0,0,1,0,-1,-1,0,0,10,0,10122,-1,-1,-1,-1,-1,-1,-1,-1,-1,-1,-1,-1,-1,-1,-1,0,0,0,0,0,-1,0,0,0,-1,0,-1,[0|0|0|0|0|0|0|0]
20008551,_1,451342,-1,-1,-1,-1,-1,-1,-1,-1,20122,-1,-1,2,10,0,0,0,0,0,0,0,0,0,0,0,0,0,0,0,0,1,0,-1,-1,0,0,10,0,20122,-1,-1,-1,-1,-1,-1,-1,-1,-1,-1,-1,-1,-1,-1,-1,0,0,0,0,0,-1,0,0,0,-1,0,-1,[0|0|0|0|0|0|0|0]
20008552,_1_1,451346,-1,-1,-1,-1,-1,-1,-1,-1,10122,-1,-1,1,10,0,0,0,0,0,0,0,0,0,0,0,0,0,0,0,0,1,0,-1,-1,0,0,10,0,10122,-1,-1,-1,-1,-1,-1,-1,-1,-1,-1,-1,-1,-1,-1,-1,0,0,0,0,0,-1,0,0,0,-1,0,-1,[0|0|0|0|0|0|0|0]
20008553,_1_1_1,451346,-1,-1,-1,-1,-1,-1,-1,-1,20122,-1,-1,2,10,0,0,0,0,0,0,0,0,0,0,0,0,0,0,0,0,1,0,-1,-1,0,0,10,0,20122,-1,-1,-1,-1,-1,-1,-1,-1,-1,-1,-1,-1,-1,-1,-1,0,0,0,0,0,-1,0,0,0,-1,0,-1,[0|0|0|0|0|0|0|0]
20008560,_1_1_1,4460,-1,-1,-1,-1,-1,-1,-1,-1,905,-1,-1,0,0,4,30,1,0,0,0,0,0,0,0,0,0,1,0,0,0,0,0,-1,-1,0,0,0,0,-1,-1,-1,-1,-1,-1,-1,-1,-1,-1,-1,-1,-1,-1,-1,-1,0,0,0,0,0,-1,0,0,0,-1,0,-1,[0|0|0|0|0|0|0|0]
20008590,Flame Weapon VFX (Right),303001,303001,-1,-1,-1,-1,-1,-1,-1,-1,-1,-1,1,0,0,0,0,0,0,0,0,0,0,0,0,0,0,0,0,0,1,0,-1,-1,0,0,2,0,10300,-1,-1,-1,10310,-1,-1,-1,-1,-1,-1,-1,-1,-1,-1,-1,0,0,0,0,0,-1,0,0,0,-1,0,-1,[0|0|0|0|0|0|0|0]
20008595,Flame Weapon VFX (Right)_1,303001,303001,-1,-1,-1,-1,-1,-1,-1,-1,-1,-1,1,0,0,0,0,0,0,0,0,0,0,0,0,0,0,0,0,0,0,0,-1,-1,0,0,0,0,10300,-1,10301,-1,-1,-1,-1,-1,-1,-1,-1,-1,-1,-1,-1,-1,0,0,0,0,0,-1,0,0,0,-1,0,-1,[0|0|0|0|0|0|0|0]
20008596,Flame Weapon VFX (Right)_1_1,930460,-1,-1,-1,-1,-1,-1,-1,-1,-1,-1,-1,1,0,0,0,0,0,0,0,0,0,0,0,0,0,0,0,0,0,1,0,-1,-1,0,0,0,0,10300,-1,-1,-1,-1,-1,-1,-1,-1,-1,-1,-1,-1,-1,-1,-1,0,0,0,0,0,-1,0,0,0,-1,0,-1,[0|0|0|0|0|0|0|0]
20008597,Flame Weapon VFX (left,303001,303001,-1,-1,-1,-1,-1,-1,-1,-1,-1,-1,1,0,0,0,0,0,0,0,0,0,0,0,0,0,0,0,0,0,0,0,-1,-1,0,0,0,0,10300,-1,10301,-1,-1,-1,-1,-1,-1,-1,-1,-1,-1,-1,-1,-1,0,0,0,0,0,-1,0,0,0,-1,0,-1,[0|0|0|0|0|0|0|0]
91069501,Flame of Lorian,940050,924352,-1,-1,-1,-1,-1,-1,-1,-1,-1,-1,1,0,0,0,0,0,0,0,0,0,0,0,0,0,0,0,0,0,0,0,-1,-1,0,0,2,0,10300,-1,11300,-1,10310,-1,11310,-1,10320,-1,11320,-1,10330,-1,11330,-1,0,0,0,0,0,-1,0,0,0,-1,0,-1,[0|0|0|0|0|0|0|0]
91069502,Flame of Lorian_1,940050,924352,-1,-1,-1,-1,-1,-1,-1,-1,-1,-1,2,0,0,0,0,0,0,0,0,0,0,0,0,0,0,0,0,0,0,0,-1,-1,0,0,2,0,20300,-1,-1,-1,-1,-1,-1,-1,-1,-1,-1,-1,-1,-1,-1,-1,0,0,0,0,0,-1,0,0,0,-1,0,-1,[0|0|0|0|0|0|0|0]
91083211,_1,441501,-1,-1,-1,-1,-1,-1,-1,-1,-1,-1,-1,1,0,0,0,0,0,0,0,0,0,0,0,0,0,0,0,0,0,0,0,-1,-1,0,0,0,0,10320,-1,-1,-1,-1,-1,-1,-1,-1,-1,-1,-1,-1,-1,-1,-1,0,0,0,0,0,-1,0,0,0,-1,0,-1,[0|0|0|0|0|0|0|0]
91083212,_1_1,0,-1,-1,-1,441503,-1,-1,-1,-1,-1,-1,10100,1,0,0,0,0,0,0,0,0,0,0,0,0,0,0,0,0,0,0,0,-1,-1,0,0,0,0,-1,-1,-1,-1,-1,-1,-1,-1,-1,-1,-1,-1,-1,-1,-1,-1,0,0,0,0,0,-1,0,0,0,-1,0,-1,[0|0|0|0|0|0|0|0]
91092411,_1_1_1_1,441101,-1,-1,-1,-1,-1,-1,-1,-1,-1,-1,-1,1,0,0,0,0,0,0,0,0,0,0,0,0,0,0,0,0,0,0,0,-1,-1,0,0,0,0,10130,-1,-1,-1,-1,-1,-1,-1,-1,-1,-1,-1,-1,-1,-1,-1,0,0,0,0,0,-1,0,0,0,-1,0,-1,[0|0|0|0|0|0|0|0]
91092412,_1_1_1_1_1,441105,-1,-1,-1,-1,-1,-1,-1,-1,-1,-1,-1,1,0,0,0,0,0,0,0,0,0,0,0,0,0,0,0,0,0,0,0,-1,-1,0,0,0,0,10130,-1,-1,-1,-1,-1,-1,-1,-1,-1,-1,-1,-1,-1,-1,-1,0,0,0,0,0,-1,0,0,0,-1,0,-1,[0|0|0|0|0|0|0|0]
91092413,_1_1_1_1_1,441101,-1,-1,-1,-1,-1,-1,-1,-1,-1,-1,-1,1,0,0,0,0,0,0,0,0,0,0,0,0,0,0,0,0,0,0,0,-1,-1,0,0,0,0,11130,-1,-1,-1,-1,-1,-1,-1,-1,-1,-1,-1,-1,-1,-1,-1,0,0,0,0,0,-1,0,0,0,-1,0,-1,[0|0|0|0|0|0|0|0]
91092414,_1_1_1_1_1_1,441105,-1,-1,-1,-1,-1,-1,-1,-1,-1,-1,-1,1,0,0,0,0,0,0,0,0,0,0,0,0,0,0,0,0,0,0,0,-1,-1,0,0,0,0,11130,-1,-1,-1,-1,-1,-1,-1,-1,-1,-1,-1,-1,-1,-1,-1,0,0,0,0,0,-1,0,0,0,-1,0,-1,[0|0|0|0|0|0|0|0]
